lmh,hospital_death
low,0.1975145923554886
med,0.05787114845938375
hi,0.034209692746278116
