lmh,hospital_death
low,0.17598284488920657
med,0.06839609688226571
hi,0.03597331012474616
