lmh,hospital_death
low,0.0826963906581741
med,0.07967978652434957
hi,0.12319031324032641
