lmh,hospital_death
low,0.09507139886316374
med,0.07276570048309179
hi,0.09849560034061879
